chapter,label,sheet
Geografi T3 Bab 3,.,Jawapan Praktik Galus UASA Geografi T3 Bab 3.csv
Geografi T3 Bab 4,.,Jawapan Praktik Galus UASA Geografi T3 Bab 4.csv
Geografi T3 Bab 5,.,Jawapan Praktik Galus UASA Geografi T3 Bab 5.csv
Geografi T3 Bab 6,.,Jawapan Praktik Galus UASA Geografi T3 Bab 6.csv
Geografi T3 Bab 7,.,Jawapan Praktik Galus UASA Geografi T3 Bab 7.csv
Geografi T3 Bab 8,.,Jawapan Praktik Galus UASA Geografi T3 Bab 8.csv
Geografi T3 Bab 9,.,Jawapan Praktik Galus UASA Geografi T3 Bab 9.csv
Geografi T3 Bab 10,.,Jawapan Praktik Galus UASA Geografi T3 Bab 10.csv
Geografi T3 Bab 11,.,Jawapan Praktik Galus UASA Geografi T3 Bab 11.csv
